preview,title
"전혁진·이유림 등 부상 극복하고 대표팀 복귀
(서울=연합뉴스) 최인영 기자 = 한국 배드민턴 남자단식의 '간판' 손완호(...","배드민턴 손완호, 7년 만에 선발전 거쳐 태극마크"
"""솔직히 아쉽고 가슴 아프다…모두 고용 승계한다는 건 다행""
(서울=연합뉴스) 김경윤 기자 = 프로야구 SK 와이번스의 ...","김원형 감독 ""SK는 집 같았던 곳…팀 분위기 바로잡겠다"""
preview,title
"
(서울=연합뉴스) 장보인 기자 = 잉글랜드 프로축구 맨체스터 유나이티드(이하 맨유)가 리버풀을 꺾고 잉글랜드축구협회(FA)컵 1...","'페르난데스 결승골' 맨유, 리버풀 잡고 FA컵 16강행"
"후반 교체 투입돼 3번째 골 도와…벌써 공식전 16골 10도움
토트넘, 2부 최하위 위컴에 선제골 내주고 4-1 역전승…에버턴과 16강 대결...","손흥민, 통산 3번째 10-10클럽…토트넘은 FA컵 16강행(종합)"
preview,title
"후반 교체 투입돼 3번째 골 도와…벌써 공식전 16골 10도움
토트넘, 2부 최하위 위컴에 선제골 내주고 4-1 역전승…에버턴과 16강 대결...","손흥민, 통산 3번째 10-10클럽…토트넘은 FA컵 16강행(종합)"
"
(서울=연합뉴스) 이영호 기자 = 한국 올림픽 축구대표팀이 프로축구 K리그1 성남FC와 연습경기에서 골 잔치를 ...","김학범호, 성남에 4-0 대승…오세훈 '2경기 연속골'"
"
(서울=연합뉴스) 이영호 기자 = 프로축구 K리그2 안산 그리너스가 아르헨티나 출신의 공격수 산티아고(24·아르헨티나)를 영입했다...","K리그2 안산, 아르헨 출신 공격수 산티아고 영입"
"
(서울=연합뉴스) 장보인 기자 = 2021시즌 프로축구 K리그 겨울 이적시장에서는 트레이드와 검증된 외국인 선수 영입이 특징으...","코로나 속 K리그 이적시장, 대세는 트레이드·검증된 외인 영입"
"
(서울=연합뉴스) 최송아 기자 = 프로축구 대구 FC는 공식 키트 파트너인 골스튜디오와 함께 2021시즌 리그 유니폼을 26일 ...","프로축구 대구, DGB대구은행파크·'쿵쿵골' 담은 유니폼 공개"
"고교서 FC 서울 직행 ""내 장점은 크로스…롤모델은 리버풀 로버트슨""
(창원=연합뉴스) 최송아 기자 = ""아버지가 워낙 유명하셨...","프로 입성 '이을용 아들' 이태석 ""팬들의 인정받는 선수 될래요"""
"
[https://youtu.be/ZzmsYGPYav0]
(서울=연합뉴스) 손흥민(29)이 시즌 10호 도움을 올린 잉글랜드...",[영상] 족구로 몸 풀었나…손흥민 '10호 도움' 기록하며 존재감 드러내
"
(서울=연합뉴스) 배진남 기자 = 올해로 미룬 2020 아시아축구연맹(AFC) 남자 16세 이하(U-16) 및 19세 ...",올해로 미룬 2020 AFC 남자 U-16·U-19 챔피언십 결국 취소
"16강·8강은 단판…준결승·결승은 홈앤드어웨이 방식 개최
조별 개최지는 27일 조추첨 후 유치신청 절차 공고 예정
(서...",ACL 조별리그 4∼5월 한곳에서 집중 개최…2021시즌 일정 발표(종합)
"앙제전 멀티골로 보르도 3연승 견인…부상 중인 동료 향한 골 세리머니
황의조 ""팀이 3연승 해 더 기뻐…이 분위기 이어나가는 게 중요""
...","득점 후 동료 유니폼 들어 올린 황의조 ""오타비우를 위한 승리"""
"
(서울=연합뉴스) 배진남 기자 = 브라질에서 비행기 추락 사고로 4부리그 축구팀 선수와 구단 회장 등 탑승자 ...",비행기 추락사고로 브라질축구 4부팀 선수·회장 등 6명 사망
"
(서울=연합뉴스) 장보인 기자 = 잉글랜드 프로축구 맨체스터 유나이티드(이하 맨유)가 리버풀을 꺾고 잉글랜드축구협회(FA)컵 1...","'페르난데스 결승골' 맨유, 리버풀 잡고 FA컵 16강행"
"수아레스 결승골…아틀레티코, 라리가 7연승 질주
(서울=연합뉴스) 장보인 기자 = 이강인(20)이 결장한 스페인 프로축구 발렌...","'이강인 결장' 발렌시아, 선두 아틀레티코에 1-3 역전패"
"
(서울=연합뉴스) 장보인 기자 = 프랑스 프로축구 리그앙에서 앙제를 상대로 유럽 무대 진출 후 첫 멀티 골을 기록한 황의조(2...","'유럽 무대 첫 멀티 골' 황의조, 평점 8.8…양 팀 통틀어 최고"
"
(서울=연합뉴스) 최송아 기자 = 국가대표 미드필더 이재성(29·홀슈타인 킬)과 백승호(24·다름슈타트)가 독일프로축구 2부 분...","이재성·백승호 선발 맞대결…킬, 다름슈타트 2-0 제압"
"보르도, 앙제에 2-1 승리…시즌 첫 3연승 신바람
(서울=연합뉴스) 장보인 기자 = 프랑스 프로축구 리그앙 지롱댕 보르도에서...","황의조, 보르도서 첫 멀티골…3분 사이 시즌 4·5호 골 폭발(종합)"
"
(서울=연합뉴스) 장보인 기자 = 프랑스 프로축구 리그앙 지롱댕 보르도에서 뛰는 황의조(29)가 유럽 무대에서 첫 멀티 골을 ...","황의조, 보르도서 첫 멀티골…시즌 4·5호 골 폭발"
"이강인, 국제선수 부문 7위
지소연·장슬기는 '최우수 여자 선수' 부문 5·6위
(서울=연합뉴스) 장보인 기자 = 잉글랜드 ...","'손세이셔널' 손흥민, 2020 AFC 국제선수상 수상"
"
(서울=연합뉴스) 배진남 기자 = 프로축구 K리그2(2부) 경남FC는 지난해까지 두 시즌 동안 광주FC에서 뛴 브라질 출신 윌리...","경남FC, 광주서 승격·파이널A 진입 도운 윌리안 영입"
"벤제마 멀티골·아자르 1골 1도움…공식전 4경기 만에 승리
(서울=연합뉴스) 장보인 기자 = 지네딘 지단(49) 감독이 신종 ...","'코로나 확진' 지단 감독 없는 레알 마드리드, 알라베스 완파"
"
(서울=연합뉴스) 장보인 기자 = 조제 모리뉴 토트넘 감독이 한때 자신의 제자였고 최근까지는 동료 사령탑이었던 프랭크 램퍼드 ...","모리뉴 감독, 제자 램퍼드 경질에 ""내게 중요한 사람…유감이다"""
"
(서울=연합뉴스) 안홍석 기자 = 잉글랜드 프로축구 프리미어리그 중위권으로 추락한 첼시가 결국 구단 '레전드'인...","9위 추락 첼시 '레전드' 램퍼드 감독 경질…""후임엔 투헬 유력"""
"
(서울=연합뉴스) 이영호 기자 = 독일 프로축구 RB 라이프치히에서 입지를 다지지 못하고 있는 '황소' 황희찬(...","황희찬, 이번에는 웨스트햄 임대설…""모이스 감독이 원해"""
"16강·8강은 단판…준결승·결승은 홈앤드어웨이 방식 개최
(서울=연합뉴스) 배진남 기자 = 2021 아시아축구연맹(AF...",ACL 조별리그 4∼5월 한곳에서 집중 개최…2021시즌 일정 발표
"
(서울=연합뉴스) 장보인 기자 = 잉글랜드 프로축구 프리미어리그(EPL)의 신종 코로나바이러스 감염증(코로나19) 신규 확진자...",EPL 코로나19 확진자 5주 만에 한 자릿수로…확산 진정세
"'쏘니' 손흥민, 교체 투입돼 도움…'참돔' 은돔벨레는 멀티골 활약
(서울=연합뉴스) 안홍석 기자 = 손흥민(29)과 탕귀 은...","아끼고 아낀 '쏘니와 참돔' 카드, 토트넘 역전승 이끌다"
"'후반 교체 투입' 손흥민, 팀 3번째 골 도와…은돔벨레는 멀티골
토트넘, 2부 최하위에 선제골 내주고 진땀승…에버턴과 16강 대결
...","'손흥민 10호 도움' 토트넘, 위컴에 4-1 역전승…FA컵 16강행"
"
(창원=연합뉴스) 최송아 기자 = 프로축구 FC 서울 유니폼을 입고 2021시즌을 준비하는 공격수 나상호(25)가 '두 자릿수 ...","'이제는 서울맨' 나상호 ""두 자릿수 공격포인트·개인상 욕심"""
"""팔로세비치·나상호 등 가세로 공격력 강화 기대…팬들이 즐거워하는 축구할 것""
(창원=연합뉴스) 최송아 기자 = 지난해 프로축구...","'단단한 서울' 원하는 박진섭 감독 ""추가 전력보강 고려 중"""
"
(서울=연합뉴스) 장보인 기자 = 프로축구 K리그1 인천 유나이티드는 지난 시즌 임대 신분으로 팀의 1부리그 잔류를 도운 미드필...","프로축구 인천, 1부 잔류 도운 아길라르 완전 영입"
"
(서울=연합뉴스) 장보인 기자 = 프로축구 K리그1 대구FC는 지난 시즌 일본 J리그 감바 오사카에서 뛴 골키퍼 이윤오(22)...","K리그1 대구, 일본 J리그서 뛴 골키퍼 이윤오 영입"
"
(서울=연합뉴스) 장보인 기자 = 프로축구 K리그2(2부리그) 경남FC는 전남 드래곤즈에서 뛴 외국인 공격수 에르난데스(22)...","프로축구 경남, 전남서 뛴 공격수 에르난데스 영입"
"토트넘, 26일 새벽 2부리그 위컴과 FA컵 32강 맞대결
(서울=연합뉴스) 장보인 기자 = 손흥민(29·토트넘)이 4년 만에...","위컴 잡는 손흥민, 4년 전 승리 재현할까…시즌 17호 골 도전"
"'멀티골' 황의조, 구단 선정 앙제전 최우수선수로
(서울=연합뉴스) 장보인 기자 = 프랑스 프로축구 지롱댕 보르도의 장 루이 ...","가세 보르도 감독 ""황의조, 감독에게 이상적인 선수"" 극찬"
"MBC TV '구해줘! 홈즈' 노홍철 2년 만에 하차
(서울=연합뉴스) 김정진 기자 = '뭉쳐야 찬다'의 어쩌다 FC가 준우승을 ...","'뭉쳐야 찬다' 어쩌다 FC, 준우승으로 전국 대회 마무리"
"
(서울=연합뉴스) 배진남 기자 = 독일 국가대표 골키퍼 마누엘 노이어(35·바이에른 뮌헨)가 독일 프로축구 ...",'거미손' 칸 넘어선 노이어…분데스리가 무실점 197경기 신기록
"맨시티, 4부리그 챌트넘에 3-1 역전승
(서울=연합뉴스) 장보인 기자 = '디펜딩 챔피언' 잉글랜드 프로축구 프리미어리그 아...","'디펜딩 챔피언' 아스널, FA컵 32강서 탈락…사우샘프턴에 덜미"
"라이프치히 구단 전문 매체, 임대 이적 가능성 보도
(서울=연합뉴스) 배진남 기자 = 독일 프로축구 RB 라이프치히 이...","잘 풀리지 않는 황희찬, 지동원 뛰는 마인츠로 임대되나"
"프라이부르크, 슈투트가르트에 2-1 승리
'황희찬 후반 교체출전' 라이프치히, 마인츠에 2-3 역전패
(서울=연합뉴스) 장보인...",정우영 시즌 2호골 '쾅'…결승포로 프라이부르크 역전승 견인
"
(서울=연합뉴스) 배진남 기자 = 스페인 출신의 명장 라파엘 베니테스(61) 감독이 중국 프로축구 다롄 이팡의 ...","베니테스 中프로축구 다롄 감독 사임…""코로나 여전, 가족 우선"""
"
(서울=연합뉴스) 장보인 기자 = 이승우(23)가 7경기 연속 출전 명단에서 제외된 가운데 소속팀 신트트라위던은 무스크롱에 무...","이승우 7경기 연속 결장…신트트라위던, 무스크롱에 0-2 패배"
"
(서울=연합뉴스) 안홍석 기자 = 잉글랜드 프로축구 프리미어리그(EPL)에서 맨체스터 유나이티드(맨유)와 치열한 선두 경쟁을 펼...",맨시티·레스터 '특급 에이스' 나란히 이탈…선두 맨유 '방긋'
"
(서울=연합뉴스) 안홍석 기자 = 프로축구 전북 현대의 '어드바이저' 박지성 위원이 김상식호와 첫인사를 나눴다.
전북 구...","전북 전훈지 찾은 박지성, 이운재 GK코치에 '폴더 인사'"
"
(서울=연합뉴스) 안홍석 기자 = 킬리안 음바페와 네이마르가 '화력 쇼'를 펼친 프랑스 프로축구 파리 생제르맹(PSG)이...","음바페 멀티골 PSG, 윤일록 결장한 몽펠리에에 4-0 '화력 쇼'"
"
(서울=연합뉴스) 안홍석 기자 = 스페인 프로축구 '거함' 레알 마드리드를 지휘하는 지네딘 지단(49·프랑스) 감독이 신종 코로...","레알 마드리드 지단 감독, 코로나19 확진"
"
(서울=연합뉴스) 이영호 기자 = 잉글랜드 프로축구 리그2(4부리그) 뉴포트 카운트의 골키퍼 톰 킹(26)이 골...",'96.01ｍ 득점' 축구 최장거리 골로 기네스북 등재
"
(서울=연합뉴스) 이영호 기자 = '아시아 챔피언' 울산 현대가 이청용과 한솥밥을 먹었던 오스트리아 국가대표(국...","K리그1 울산, 오스트리아 '국대 공격수' 힌터제어 영입"
"""헌신하는 아내에게 '사모님' 소리 듣게 해줄 게 농담도""
(서귀포=연합뉴스) 이영호 기자 = ""아내의 헌신에 ...","'초보 코치' 정조국 ""늦게 시작한 지도자…혹독하게 배워야죠"""
"""어려운 팀을 맡아 힘든 환경에서 지도자로 성장해온 게 자산""
(서귀포=연합뉴스) 이영호 기자 = ""이번 시즌 목...","남기일 제주 감독 ""승격 청부사? 목표 이뤘다는 자부심이 크죠"""
"유소년 지도자들은 심판 활동할 수 있도록 바꿔
(서울=연합뉴스) 안홍석 기자 = 앞으로 유소년 축구팀, 생활 축구 동호인 팀과 ...","축구협회, 심판-지도자 겸직금지 원칙 7년 만에 완화"
